id,first_name,last_name,email,gender,ip_address
1,Saloma,Crofthwaite,scrofthwaite0@ustream.tv,Female,21.64.219.122
2,Cele,Hinge,chinge1@youtu.be,Female,165.179.205.36
3,Lyndell,McHenry,lmchenry2@mit.edu,Female,190.24.59.123
4,Andie,Scriviner,ascriviner3@ca.gov,Male,196.189.23.216
5,Lyndsey,Burgwyn,lburgwyn4@uiuc.edu,Female,123.51.27.110
6,Freeland,Gibbin,fgibbin5@japanpost.jp,Male,200.249.91.38
7,Derron,Priestland,dpriestland6@symantec.com,Male,220.222.17.249
8,Nevins,Righy,nrighy7@smh.com.au,Male,191.214.180.83
9,Aarika,Lathy,alathy8@dagondesign.com,Female,130.242.210.112
10,Liva,Rushmere,lrushmere9@tumblr.com,Female,133.123.137.229
11,Dewie,Carff,dcarffa@ow.ly,Male,119.33.231.210
12,Debee,Sickamore,dsickamoreb@woothemes.com,Female,64.249.51.186
13,Yehudit,Duns,ydunsc@infoseek.co.jp,Male,127.223.68.64
14,Nikkie,Essery,nesseryd@free.fr,Female,21.75.252.90
15,Burk,Thumim,bthumime@cdbaby.com,Male,169.26.3.126
16,Paxton,Nijssen,pnijssenf@angelfire.com,Male,86.54.143.151
17,Natalina,Christoforou,nchristoforoug@jiathis.com,Female,175.242.1.31
18,Hoebart,Stowell,hstowellh@people.com.cn,Male,40.222.204.183
19,Cherida,Shakesby,cshakesbyi@pinterest.com,Female,188.84.103.75
20,Aimil,Shallow,ashallowj@biblegateway.com,Female,244.93.146.112
21,Nanette,Tedahl,ntedahlk@instagram.com,Female,117.177.102.13
22,Lyn,MacShirie,lmacshiriel@aboutads.info,Male,158.249.152.77
23,Charity,Wapplington,cwapplingtonm@google.nl,Female,198.159.193.120
24,Maris,Van der Spohr,mvanderspohrn@drupal.org,Female,111.74.144.17
25,Ryon,Ingrem,ringremo@marketwatch.com,Male,18.166.167.127
26,Madge,Adkin,madkinp@seattletimes.com,Female,64.188.181.204
27,Jerrine,Mammatt,jmammattq@cocolog-nifty.com,Female,81.161.65.159
28,Candace,Stranieri,cstranierir@wp.com,Female,93.200.168.181
29,Hurleigh,Skeggs,hskeggss@csmonitor.com,Male,11.41.242.236
30,Sabra,Beake,sbeaket@who.int,Female,105.101.119.17
31,Trevor,Boissier,tboissieru@mail.ru,Male,121.74.168.84
32,Janos,Ciccoloi,jciccoloiv@squarespace.com,Male,78.159.254.129
33,Neal,Kochel,nkochelw@privacy.gov.au,Male,95.153.17.87
34,Aldridge,Gowers,agowersx@google.es,Male,33.223.49.246
35,Gabrielle,Shorbrook,gshorbrooky@jiathis.com,Female,200.154.57.98
36,Ervin,Brockton,ebrocktonz@tinyurl.com,Male,74.211.236.146
37,Andrew,Archard,aarchard10@cocolog-nifty.com,Male,24.62.28.111
38,Locke,Stepney,lstepney11@constantcontact.com,Male,118.3.64.82
39,Aleen,Prene,aprene12@51.la,Female,116.246.194.214
40,Devlen,Gillino,dgillino13@feedburner.com,Male,4.100.138.56
41,Madison,Renshell,mrenshell14@hhs.gov,Male,69.69.216.146
42,Dimitry,Menauteau,dmenauteau15@ed.gov,Male,174.21.190.166
43,Robenia,Kharchinski,rkharchinski16@youku.com,Female,9.77.240.253
44,Kaleb,Vivians,kvivians17@google.co.jp,Male,16.94.66.66
45,Charin,Chatan,cchatan18@devhub.com,Female,135.81.241.193
46,Gothart,Rydings,grydings19@omniture.com,Male,79.124.25.122
47,Dorice,Folling,dfolling1a@issuu.com,Female,157.4.114.102
48,Janina,Isley,jisley1b@google.co.jp,Female,152.215.27.219
49,Karyn,Malcolmson,kmalcolmson1c@miitbeian.gov.cn,Female,15.239.103.13
50,Ranna,Vahl,rvahl1d@yelp.com,Female,229.109.46.215
51,Berte,Laydel,blaydel1e@bbc.co.uk,Female,155.234.183.165
52,Horst,Vany,hvany1f@ovh.net,Male,216.62.118.51
53,Barnaby,Isac,bisac1g@drupal.org,Male,203.208.156.36
54,Amandy,Dunsire,adunsire1h@discuz.net,Female,153.210.75.152
55,Claudetta,Silverton,csilverton1i@ox.ac.uk,Female,32.237.181.140
56,Shawn,Friman,sfriman1j@icq.com,Male,4.100.51.15
57,Danette,Lorey,dlorey1k@facebook.com,Female,114.99.92.223
58,Ewan,Mosdill,emosdill1l@angelfire.com,Male,29.40.198.125
59,Caddric,Allery,callery1m@mtv.com,Male,196.107.54.50
60,Greg,Creamen,gcreamen1n@wunderground.com,Male,49.68.38.159
61,Harry,Biggen,hbiggen1o@de.vu,Male,156.169.123.85
62,Vern,Aldous,valdous1p@paypal.com,Polygender,19.49.195.138
63,Pascale,Ovell,povell1q@cafepress.com,Male,86.136.112.255
64,Cam,Sousa,csousa1r@sitemeter.com,Male,17.25.40.147
65,Jobie,Corkel,jcorkel1s@technorati.com,Female,82.97.23.5
66,Fran,Popplestone,fpopplestone1t@naver.com,Female,154.190.186.75
67,Fletch,Kaplan,fkaplan1u@noaa.gov,Male,143.250.113.220
68,Ruprecht,Spybey,rspybey1v@ning.com,Non-binary,133.235.15.164
69,Brade,Fossord,bfossord1w@ow.ly,Male,119.114.20.87
70,Goraud,Spinks,gspinks1x@mtv.com,Male,65.191.107.89
71,Diannne,Lavender,dlavender1y@ucoz.com,Female,219.98.24.178
72,Nikola,Stickells,nstickells1z@yellowpages.com,Non-binary,255.120.247.85
73,Tammy,Cullip,tcullip20@delicious.com,Female,133.58.226.178
74,Milty,Pidgin,mpidgin21@newsvine.com,Male,131.171.102.172
75,Cleavland,Dillinton,cdillinton22@cnbc.com,Male,13.243.50.230
76,Sherman,Bucknall,sbucknall23@pen.io,Male,233.178.23.197
77,Theo,Tottman,ttottman24@usda.gov,Male,25.32.1.224
78,Gunar,Driscoll,gdriscoll25@state.gov,Male,102.134.218.209
79,Ulysses,Stendall,ustendall26@soundcloud.com,Male,4.86.202.116
80,Ivette,Cadwallader,icadwallader27@a8.net,Female,99.51.73.96
81,Roselle,Kemish,rkemish28@purevolume.com,Female,110.142.129.44
82,Venita,Craufurd,vcraufurd29@indiegogo.com,Female,97.67.224.114
83,Tab,Pietruszka,tpietruszka2a@statcounter.com,Male,227.165.209.232
84,Matthew,Spencers,mspencers2b@soundcloud.com,Male,141.83.35.205
85,Reamonn,Hinchcliffe,rhinchcliffe2c@wsj.com,Male,66.56.201.121
86,Lemmie,Sails,lsails2d@salon.com,Male,107.199.91.76
87,Gav,Weth,gweth2e@goo.ne.jp,Male,222.92.86.66
88,Reube,Larking,rlarking2f@shop-pro.jp,Male,222.163.196.22
89,Panchito,Vaggers,pvaggers2g@ca.gov,Male,241.191.177.67
90,Goddard,Padden,gpadden2h@aol.com,Male,11.81.157.254
91,Helenka,Seiffert,hseiffert2i@qq.com,Female,181.88.239.145
92,Dede,Bolino,dbolino2j@opensource.org,Female,90.2.8.179
93,Baxy,Romaine,bromaine2k@w3.org,Male,224.168.93.7
94,Merrilee,Iseton,miseton2l@artisteer.com,Female,70.69.109.55
95,Elfrida,Siderfin,esiderfin2m@reddit.com,Female,17.77.250.133
96,Dotti,Gillson,dgillson2n@gizmodo.com,Female,169.17.186.32
97,Belle,Syder,bsyder2o@usnews.com,Female,175.165.146.244
98,Annabal,Helm,ahelm2p@uiuc.edu,Female,199.240.81.118
99,Mackenzie,Pretsel,mpretsel2q@webs.com,Male,112.104.224.204
100,Georgetta,Divina,gdivina2r@studiopress.com,Female,165.174.252.16
101,Kathe,Allday,kallday2s@slideshare.net,Female,40.243.242.160
102,Debera,Linkin,dlinkin2t@webeden.co.uk,Female,158.133.59.1
103,Merwyn,Hullot,mhullot2u@geocities.jp,Male,68.182.46.119
104,Raimund,Foresight,rforesight2v@tinyurl.com,Male,223.40.20.35
105,Cash,Mackilpatrick,cmackilpatrick2w@livejournal.com,Male,205.227.2.92
106,Ceciley,Spoole,cspoole2x@amazonaws.com,Female,187.120.213.213
107,Donnell,Vidineev,dvidineev2y@biglobe.ne.jp,Male,163.58.120.230
108,Beatrix,Ludlem,bludlem2z@unicef.org,Female,43.56.222.72
109,Barret,Nickless,bnickless30@meetup.com,Male,11.211.122.42
110,Paolo,Lamdin,plamdin31@globo.com,Male,186.253.89.0
111,Jorry,Windross,jwindross32@github.io,Female,29.161.140.178
112,Marcellus,Jotcham,mjotcham33@nhs.uk,Male,111.50.147.210
113,Lucina,Terbeck,lterbeck34@prnewswire.com,Female,69.247.210.104
114,Ellswerth,Trinke,etrinke35@bloglines.com,Genderfluid,99.141.169.86
115,Zachary,Bools,zbools36@google.ca,Male,84.85.71.137
116,Egbert,De Morena,edemorena37@jigsy.com,Male,210.111.106.6
117,Desirae,Korous,dkorous38@dot.gov,Female,142.95.64.238
118,Brenn,Smythe,bsmythe39@paypal.com,Female,170.210.74.18
119,Bobina,Taaffe,btaaffe3a@europa.eu,Female,164.172.173.79
120,Johnath,Ainge,jainge3b@cargocollective.com,Female,106.148.137.56
121,Adeline,Bumby,abumby3c@mapy.cz,Non-binary,51.212.17.173
122,My,Tibald,mtibald3d@harvard.edu,Male,230.109.72.152
123,Gaylene,Demanche,gdemanche3e@quantcast.com,Agender,108.43.191.106
124,Corinna,Hindrick,chindrick3f@gizmodo.com,Female,1.138.48.213
125,Shirley,MacAne,smacane3g@msn.com,Female,133.26.147.161
126,Ollie,McGoldrick,omcgoldrick3h@boston.com,Male,118.236.159.113
127,Falito,Saket,fsaket3i@fotki.com,Male,181.66.154.41
128,Edmund,Nellis,enellis3j@usda.gov,Male,195.66.172.192
129,Chaddy,Jeeks,cjeeks3k@wikipedia.org,Male,139.176.3.181
130,Micaela,Levey,mlevey3l@cpanel.net,Female,5.171.87.255
131,Vinita,Poschel,vposchel3m@redcross.org,Female,58.71.235.242
132,Laurel,Delap,ldelap3n@techcrunch.com,Female,14.158.242.239
133,Brittani,Charette,bcharette3o@alexa.com,Female,2.70.94.92
134,Henryetta,Kener,hkener3p@baidu.com,Female,209.122.149.170
135,Ailee,Karlolczak,akarlolczak3q@linkedin.com,Female,196.158.62.87
136,Aldon,Shoppee,ashoppee3r@1688.com,Non-binary,89.119.230.67
137,Dmitri,Bouldon,dbouldon3s@liveinternet.ru,Male,193.171.17.235
138,Franz,Faircley,ffaircley3t@twitter.com,Male,107.144.229.126
139,Mead,Crees,mcrees3u@yolasite.com,Male,94.66.16.65
140,Errick,Sugg,esugg3v@gravatar.com,Male,146.54.3.216
141,Hadria,Bonnefin,hbonnefin3w@over-blog.com,Bigender,89.227.148.162
142,Torrin,Brandin,tbrandin3x@discuz.net,Male,6.51.211.1
143,Paxton,Auchterlony,pauchterlony3y@nifty.com,Male,197.33.200.5
144,Michale,Wiggington,mwiggington3z@so-net.ne.jp,Male,31.98.87.179
145,Vitoria,Birtwistle,vbirtwistle40@soup.io,Female,222.204.253.168
146,Gena,Erricker,gerricker41@chron.com,Female,127.48.3.19
147,Husain,Peers,hpeers42@last.fm,Male,15.72.168.239
148,Ginny,Swanbourne,gswanbourne43@sakura.ne.jp,Female,184.215.212.67
149,Tome,Cammoile,tcammoile44@drupal.org,Male,67.122.149.115
150,Junette,Furby,jfurby45@amazon.com,Female,199.27.164.66
151,Arabelle,Stigell,astigell46@accuweather.com,Female,237.92.112.16
152,Candida,Hazelden,chazelden47@tuttocitta.it,Female,74.65.150.53
153,Irina,Eakly,ieakly48@theguardian.com,Female,155.240.16.248
154,Shel,Windrus,swindrus49@merriam-webster.com,Female,140.156.241.221
155,Ced,List,clist4a@dell.com,Male,54.255.180.139
156,Adelaida,Harniman,aharniman4b@discuz.net,Female,96.1.171.61
157,Gregorius,Kainz,gkainz4c@drupal.org,Male,57.211.163.141
158,Barrett,Edmed,bedmed4d@hostgator.com,Male,85.145.96.127
159,Grazia,Giordano,ggiordano4e@furl.net,Female,130.40.17.238
160,Stacey,O'Duilleain,soduilleain4f@tinyurl.com,Female,214.129.127.49
161,Lock,Mole,lmole4g@github.com,Male,205.204.26.26
162,Sebastiano,Barrim,sbarrim4h@sciencedirect.com,Male,43.221.63.250
163,Sherman,Etter,setter4i@youtube.com,Male,69.59.213.160
164,Leone,Leggan,lleggan4j@bravesites.com,Female,122.85.108.8
165,Lanna,Cleeve,lcleeve4k@taobao.com,Female,239.188.40.174
166,Fionna,Van Der Weedenburg,fvanderweedenburg4l@narod.ru,Female,171.69.9.29
167,Bail,Bealton,bbealton4m@eventbrite.com,Male,3.108.227.253
168,Elly,Bridgland,ebridgland4n@wix.com,Female,133.113.217.30
169,Adele,Drewell,adrewell4o@dedecms.com,Female,195.237.161.74
170,Fiorenze,Gyngell,fgyngell4p@goodreads.com,Female,141.3.1.139
171,Obidiah,Baleine,obaleine4q@webeden.co.uk,Male,120.4.114.22
172,Zola,Morter,zmorter4r@ow.ly,Female,112.76.70.204
173,Benedicta,Trett,btrett4s@digg.com,Female,90.101.159.155
174,Theadora,Srutton,tsrutton4t@nih.gov,Female,90.36.156.173
175,Corey,Plenty,cplenty4u@purevolume.com,Female,227.79.129.239
176,Cosetta,Cinavas,ccinavas4v@un.org,Female,177.178.53.135
177,Read,Everley,reverley4w@scientificamerican.com,Male,53.24.191.176
178,Libbi,Godlonton,lgodlonton4x@macromedia.com,Agender,252.50.165.75
179,Trip,Rookes,trookes4y@linkedin.com,Male,140.25.38.182
180,Rosalynd,Hilley,rhilley4z@unicef.org,Female,130.50.99.52
181,Henrie,Gallandre,hgallandre50@booking.com,Female,170.179.138.46
182,Gertie,Adamovitz,gadamovitz51@ed.gov,Female,212.224.55.177
183,Chick,Winspare,cwinspare52@biglobe.ne.jp,Male,81.54.5.151
184,Yuri,Schultze,yschultze53@fc2.com,Genderfluid,158.109.200.98
185,Chrissie,Cockrell,ccockrell54@meetup.com,Female,210.20.205.246
186,Pete,Goldberg,pgoldberg55@moonfruit.com,Male,29.225.146.34
187,Barbey,Lotwich,blotwich56@jugem.jp,Bigender,248.239.126.24
188,Carmina,Churchman,cchurchman57@cbsnews.com,Female,226.21.221.205
189,Arlin,Menichi,amenichi58@reverbnation.com,Male,44.157.191.135
190,Putnam,Benoiton,pbenoiton59@dagondesign.com,Agender,124.73.12.85
191,Hans,Pretious,hpretious5a@elpais.com,Male,240.199.214.213
192,Cletis,Spinetti,cspinetti5b@feedburner.com,Male,193.18.1.155
193,Lamond,Bowers,lbowers5c@feedburner.com,Male,237.246.239.194
194,Randie,Pinkett,rpinkett5d@over-blog.com,Genderfluid,26.64.30.175
195,Codi,Levee,clevee5e@gmpg.org,Male,251.54.221.132
196,Gare,Hortop,ghortop5f@ucoz.com,Male,219.74.142.234
197,Staford,Repper,srepper5g@phpbb.com,Male,207.144.132.75
198,Zollie,Juleff,zjuleff5h@woothemes.com,Male,102.124.138.116
199,Merridie,Oleksiak,moleksiak5i@cnbc.com,Female,207.112.69.152
200,Kevon,Wishkar,kwishkar5j@multiply.com,Male,246.129.18.177
201,Vinita,Moncreiffe,vmoncreiffe5k@ifeng.com,Female,235.36.118.97
202,Devan,Mayzes,dmayzes5l@wiley.com,Female,153.100.105.36
203,Matty,Kenlin,mkenlin5m@networksolutions.com,Female,202.45.48.99
204,Ignacio,Cardenas,icardenas5n@goodreads.com,Male,70.5.88.103
205,Ax,Lynock,alynock5o@posterous.com,Male,104.145.185.148
206,Bobbie,Ruspine,bruspine5p@themeforest.net,Female,217.234.93.173
207,Ekaterina,Dendon,edendon5q@tumblr.com,Female,12.162.116.122
208,Horatio,Hothersall,hhothersall5r@godaddy.com,Male,25.95.240.253
209,Hymie,Pickburn,hpickburn5s@deliciousdays.com,Male,9.179.33.144
210,Dorise,Comellini,dcomellini5t@squarespace.com,Genderfluid,50.58.109.87
211,Ellissa,Dalyell,edalyell5u@dropbox.com,Female,123.60.174.193
212,Early,Barnish,ebarnish5v@cbc.ca,Male,44.17.22.219
213,Diana,Petrovykh,dpetrovykh5w@sun.com,Female,114.43.18.12
214,Johnna,Rohlfing,jrohlfing5x@google.pl,Female,151.199.188.66
215,Akim,Fassan,afassan5y@godaddy.com,Male,55.233.63.89
216,Weston,Garrattley,wgarrattley5z@yellowpages.com,Polygender,215.128.186.181
217,Stan,Speares,sspeares60@sogou.com,Male,48.51.12.18
218,Pernell,Hammerberger,phammerberger61@arstechnica.com,Male,128.173.213.17
219,Lizzie,McWaters,lmcwaters62@google.fr,Female,62.188.22.168
220,Teodoro,Poland,tpoland63@usatoday.com,Male,249.134.237.108
221,Stefan,Paumier,spaumier64@si.edu,Male,37.190.106.237
222,Gale,Kapelhoff,gkapelhoff65@biblegateway.com,Female,83.71.195.236
223,Axe,Valasek,avalasek66@1688.com,Male,106.43.247.68
224,Sherwood,Winsbury,swinsbury67@nyu.edu,Male,50.189.55.234
225,Tony,Peirone,tpeirone68@angelfire.com,Female,248.82.36.208
226,Muriel,Delbergue,mdelbergue69@macromedia.com,Female,0.144.160.142
227,Roby,Slayny,rslayny6a@hubpages.com,Female,159.33.136.235
228,Jasen,Pigeon,jpigeon6b@cpanel.net,Male,243.121.48.183
229,Alwin,Haugeh,ahaugeh6c@si.edu,Male,179.9.66.106
230,Leslie,Sullens,lsullens6d@state.tx.us,Female,84.48.190.136
231,Ogdan,Boneham,oboneham6e@comsenz.com,Male,81.119.12.164
232,Pier,Rotherham,protherham6f@shop-pro.jp,Bigender,186.129.212.178
233,Pandora,Caban,pcaban6g@friendfeed.com,Female,43.244.51.163
234,Chelsey,Gruczka,cgruczka6h@walmart.com,Female,182.158.236.151
235,Melisse,Haggie,mhaggie6i@stumbleupon.com,Female,94.167.14.38
236,Jedidiah,Gallifont,jgallifont6j@java.com,Male,7.235.99.234
237,Brittne,Saurin,bsaurin6k@shinystat.com,Female,129.58.109.128
238,Keelby,Huyton,khuyton6l@oaic.gov.au,Male,220.126.107.86
239,Glenden,Ilyenko,gilyenko6m@indiegogo.com,Polygender,118.99.118.110
240,Everard,But,ebut6n@gov.uk,Male,65.10.80.196
241,Stearne,Curtiss,scurtiss6o@addthis.com,Male,136.14.26.96
242,Janith,Dodimead,jdodimead6p@cnet.com,Female,98.228.83.227
243,Inger,Rosi,irosi6q@ebay.com,Male,222.60.45.41
244,Lauraine,Bonniface,lbonniface6r@prnewswire.com,Female,236.129.83.0
245,Haslett,Ambrosini,hambrosini6s@ed.gov,Male,37.149.27.66
246,Dani,Spellacy,dspellacy6t@wiley.com,Female,172.184.248.77
247,Dniren,Hembrow,dhembrow6u@eepurl.com,Female,255.228.235.112
248,Jacquetta,Brushfield,jbrushfield6v@sakura.ne.jp,Female,78.169.203.60
249,Aveline,Blincowe,ablincowe6w@opensource.org,Female,200.57.128.71
250,Candace,Fardoe,cfardoe6x@ebay.com,Female,165.248.210.87
251,Penny,Kovalski,pkovalski6y@wufoo.com,Male,189.14.129.220
252,Tedra,Remnant,tremnant6z@marketwatch.com,Female,84.180.73.66
253,Bebe,Olver,bolver70@sitemeter.com,Genderfluid,192.38.43.92
254,Ahmed,Axworthy,aaxworthy71@theatlantic.com,Male,160.88.5.66
255,Eduino,Kender,ekender72@deliciousdays.com,Male,38.147.49.44
256,Carla,Larmour,clarmour73@ovh.net,Female,178.201.109.254
257,Angelia,Sibbit,asibbit74@va.gov,Female,20.59.202.239
258,Angeline,Wickersham,awickersham75@apple.com,Female,166.219.68.81
259,Starr,Chatto,schatto76@infoseek.co.jp,Female,20.60.94.233
260,Marta,Carl,mcarl77@springer.com,Female,205.162.113.216
261,Ninnette,Ivankov,nivankov78@nba.com,Female,162.245.144.79
262,Barron,Auchterlonie,bauchterlonie79@ning.com,Male,153.48.40.105
263,Katina,Whiles,kwhiles7a@livejournal.com,Female,189.61.128.236
264,Roze,Oran,roran7b@mysql.com,Female,211.207.18.237
265,Cord,Skully,cskully7c@oakley.com,Male,73.210.12.62
266,Gabby,Dickinson,gdickinson7d@harvard.edu,Male,189.119.253.40
267,Ninon,Guitte,nguitte7e@weibo.com,Female,105.149.114.195
268,Guthrie,Scaddon,gscaddon7f@booking.com,Male,74.116.150.136
269,Caitrin,Kibblewhite,ckibblewhite7g@tripadvisor.com,Female,249.123.202.96
270,Casandra,Itscowicz,citscowicz7h@nationalgeographic.com,Polygender,0.136.147.38
271,Hillyer,Kerne,hkerne7i@va.gov,Male,219.179.209.6
272,Gasper,Moyne,gmoyne7j@yolasite.com,Male,93.5.53.58
273,Grace,Hewins,ghewins7k@hexun.com,Male,0.126.115.118
274,Shayna,Wilkie,swilkie7l@youku.com,Female,46.96.108.34
275,Virge,Fendlen,vfendlen7m@is.gd,Male,20.45.88.2
276,Pall,Bernardot,pbernardot7n@twitter.com,Male,162.105.231.101
277,Goober,Sorrie,gsorrie7o@bloglines.com,Male,61.236.155.205
278,Mellie,Tester,mtester7p@vistaprint.com,Female,72.184.13.77
279,Casper,Jaggs,cjaggs7q@networkadvertising.org,Male,56.207.196.107
280,Shel,Dimmick,sdimmick7r@facebook.com,Female,10.89.248.205
281,Allyson,Shimmin,ashimmin7s@senate.gov,Female,4.156.58.218
282,Celeste,MacGilmartin,cmacgilmartin7t@dion.ne.jp,Female,81.41.158.215
283,Antonie,Balham,abalham7u@live.com,Female,68.18.79.237
284,Patience,Nance,pnance7v@sun.com,Female,172.177.75.0
285,Far,Daubeny,fdaubeny7w@eventbrite.com,Polygender,220.219.229.49
286,Lib,Woolstenholmes,lwoolstenholmes7x@columbia.edu,Female,53.127.26.99
287,Vern,Luckcuck,vluckcuck7y@bravesites.com,Male,251.81.182.155
288,Kaela,Simoncelli,ksimoncelli7z@go.com,Female,41.15.174.138
289,Gonzales,Castagneto,gcastagneto80@umich.edu,Male,167.134.146.65
290,Ashleigh,Suscens,asuscens81@aol.com,Female,155.32.247.96
291,Francklin,Quillinane,fquillinane82@nationalgeographic.com,Male,249.8.186.173
292,Tulley,Yerill,tyerill83@github.com,Male,84.111.22.172
293,Nerti,Janak,njanak84@myspace.com,Female,193.71.149.130
294,Jacintha,Dalyiel,jdalyiel85@google.com,Bigender,95.93.136.36
295,Maxi,Angier,mangier86@pbs.org,Female,135.48.145.2
296,Willow,Helder,whelder87@wix.com,Female,198.219.67.216
297,Conrado,Leonards,cleonards88@scientificamerican.com,Male,83.213.97.238
298,Aimil,Samudio,asamudio89@blinklist.com,Female,220.251.153.10
299,Benedetta,Boolsen,bboolsen8a@prnewswire.com,Female,237.6.107.73
300,Layton,Mathivet,lmathivet8b@fc2.com,Male,214.0.55.58
301,Harley,Stickens,hstickens8c@seattletimes.com,Female,16.237.22.102
302,Jon,Riglar,jriglar8d@soup.io,Male,205.234.147.68
303,Fletch,Habble,fhabble8e@trellian.com,Male,37.66.81.90
304,Leeann,Wealthall,lwealthall8f@newsvine.com,Female,218.112.109.83
305,Brigid,Korba,bkorba8g@tinyurl.com,Female,9.62.219.142
306,Rahal,Fielder,rfielder8h@purevolume.com,Female,132.11.114.241
307,Adamo,Michurin,amichurin8i@etsy.com,Male,28.116.143.157
308,Terence,Gayter,tgayter8j@google.com.br,Male,56.125.140.29
309,Jamie,Dabel,jdabel8k@istockphoto.com,Male,182.145.151.139
310,Thorny,Claridge,tclaridge8l@simplemachines.org,Male,183.118.160.16
311,Pandora,Bampforth,pbampforth8m@goo.ne.jp,Female,125.100.32.144
312,Onfroi,Runnalls,orunnalls8n@vistaprint.com,Male,191.100.124.181
313,Rosana,Mewrcik,rmewrcik8o@yellowpages.com,Female,238.164.72.194
314,Leda,Dacey,ldacey8p@pagesperso-orange.fr,Female,251.255.73.232
315,Sarina,Filipponi,sfilipponi8q@joomla.org,Female,195.221.225.15
316,Coleen,Shearstone,cshearstone8r@dot.gov,Female,161.179.89.179
317,Thornton,Hullbrook,thullbrook8s@hhs.gov,Male,200.190.116.64
318,Bryna,Wilstead,bwilstead8t@scientificamerican.com,Genderfluid,17.160.73.52
319,Tammi,McKenzie,tmckenzie8u@cocolog-nifty.com,Female,64.10.179.164
320,Nickie,Janosevic,njanosevic8v@vkontakte.ru,Male,143.37.162.42
321,Zebulon,Inglesent,zinglesent8w@barnesandnoble.com,Male,46.170.212.72
322,Gayleen,Burnip,gburnip8x@apple.com,Genderqueer,67.149.181.35
323,Doralynn,Sinclair,dsinclair8y@edublogs.org,Polygender,231.62.167.251
324,Norbie,Tollfree,ntollfree8z@mac.com,Male,196.13.82.80
325,Valentijn,Vanichkin,vvanichkin90@hhs.gov,Male,203.254.58.58
326,Tracey,Rains,trains91@taobao.com,Male,83.93.61.20
327,Ediva,Rupprecht,erupprecht92@theglobeandmail.com,Female,176.166.180.210
328,Clywd,Eggerton,ceggerton93@seesaa.net,Male,241.22.45.228
329,Heriberto,Lombard,hlombard94@typepad.com,Bigender,152.121.29.177
330,Jo ann,Hedden,jhedden95@cafepress.com,Female,166.249.34.40
331,Ardys,Celand,aceland96@homestead.com,Female,117.110.49.245
332,Iorgo,Dregan,idregan97@dagondesign.com,Male,176.224.218.198
333,Lenora,Smead,lsmead98@seesaa.net,Female,9.98.125.192
334,Byrle,Rundle,brundle99@buzzfeed.com,Male,171.79.153.181
335,Rey,Bonnin,rbonnin9a@theatlantic.com,Male,133.36.137.226
336,Padraig,Barnaby,pbarnaby9b@skyrock.com,Male,183.42.8.75
337,Lynnell,St. Louis,lstlouis9c@hao123.com,Polygender,93.146.219.112
338,Lainey,Ledgister,lledgister9d@blogspot.com,Female,235.126.175.233
339,Loree,Jewess,ljewess9e@taobao.com,Female,64.251.68.240
340,Bernard,Lanston,blanston9f@hp.com,Male,197.6.240.142
341,Kellie,Chillistone,kchillistone9g@psu.edu,Female,225.158.158.33
342,Valencia,Redwin,vredwin9h@photobucket.com,Female,114.76.99.152
343,Archaimbaud,Normabell,anormabell9i@marriott.com,Male,44.4.246.35
344,Sid,Houseman,shouseman9j@mediafire.com,Male,157.252.19.115
345,Rosa,Don,rdon9k@dell.com,Female,183.203.233.21
346,Justina,Young,jyoung9l@networksolutions.com,Non-binary,69.54.70.27
347,Dulcie,Fleckness,dfleckness9m@google.com,Bigender,210.19.117.85
348,Niki,Plomer,nplomer9n@slideshare.net,Male,41.34.105.140
349,Cheston,Severns,cseverns9o@wikimedia.org,Male,124.103.208.22
350,Bobby,Grenville,bgrenville9p@163.com,Female,108.34.11.12
351,Fidel,Brightwell,fbrightwell9q@vinaora.com,Male,98.106.208.150
352,Flossie,Videan,fvidean9r@google.de,Female,34.168.62.48
353,Lorin,Fidelus,lfidelus9s@youku.com,Male,105.85.162.5
354,Elana,Giddins,egiddins9t@chronoengine.com,Female,67.78.91.192
355,Amitie,Dengate,adengate9u@mit.edu,Female,168.142.36.172
356,Bo,Sellman,bsellman9v@deviantart.com,Male,124.36.202.141
357,Hart,Fassbender,hfassbender9w@vkontakte.ru,Male,27.3.65.40
358,Flori,Silvers,fsilvers9x@deviantart.com,Bigender,227.79.52.215
359,Peggy,Rickerd,prickerd9y@aboutads.info,Female,181.1.80.11
360,Gunilla,Tefft,gtefft9z@sakura.ne.jp,Female,57.179.116.208
361,Forrest,Christene,fchristenea0@army.mil,Male,77.120.4.209
362,Meredith,Magog,mmagoga1@state.tx.us,Male,110.196.130.131
363,Randi,Keynes,rkeynesa2@51.la,Male,89.242.122.7
364,Ferne,Haney,fhaneya3@uiuc.edu,Female,44.158.197.76
365,Gannon,Lowdiane,glowdianea4@e-recht24.de,Male,164.58.255.17
366,Dewain,Seedman,dseedmana5@shutterfly.com,Male,107.164.176.247
367,Orson,Jain,ojaina6@telegraph.co.uk,Male,147.157.158.39
368,Bealle,Fearey,bfeareya7@taobao.com,Male,231.129.91.35
369,Elizabet,Towll,etowlla8@rakuten.co.jp,Female,118.47.22.39
370,Bertha,Bedin,bbedina9@trellian.com,Female,27.196.170.14
371,Sonya,Tonner,stonneraa@skyrock.com,Female,58.203.135.56
372,Keane,Birrell,kbirrellab@csmonitor.com,Male,145.206.29.37
373,Sherilyn,Lob,slobac@wufoo.com,Female,226.89.251.142
374,Bartel,Vasyukhnov,bvasyukhnovad@netscape.com,Male,54.192.141.132
375,Kurtis,Jann,kjannae@state.gov,Male,67.67.215.170
376,Louie,Walczynski,lwalczynskiaf@macromedia.com,Male,239.209.1.99
377,Zebedee,Wolfit,zwolfitag@usgs.gov,Male,69.232.212.242
378,Chandal,Findlater,cfindlaterah@ft.com,Female,160.229.230.203
379,Neil,Parmley,nparmleyai@netvibes.com,Male,117.207.81.222
380,Amery,Giorgetti,agiorgettiaj@foxnews.com,Male,230.204.146.224
381,Jillian,McClancy,jmcclancyak@qq.com,Female,124.162.64.120
382,Alaster,O'Donnelly,aodonnellyal@smugmug.com,Male,245.142.50.28
383,Doll,Weblin,dweblinam@technorati.com,Female,163.13.67.85
384,Josy,Curner,jcurneran@angelfire.com,Female,78.217.222.103
385,Carlyn,Kenward,ckenwardao@yelp.com,Female,152.186.80.194
386,Cindy,Fawlks,cfawlksap@google.ru,Female,1.199.90.154
387,Corrie,Howe,choweaq@addthis.com,Female,235.137.54.74
388,Nerissa,Finby,nfinbyar@chronoengine.com,Female,32.218.91.48
389,Meg,Elan,melanas@vinaora.com,Genderqueer,103.88.161.201
390,Bria,Dahmel,bdahmelat@google.es,Female,199.137.134.70
391,Don,Hensmans,dhensmansau@fema.gov,Male,96.94.226.247
392,Ugo,Kloser,ukloserav@shinystat.com,Male,145.230.101.102
393,Alick,Knevett,aknevettaw@buzzfeed.com,Male,25.196.113.255
394,Paolo,Rickerd,prickerdax@sogou.com,Male,135.29.197.243
395,Elenore,Jonson,ejonsonay@drupal.org,Female,123.140.7.32
396,Thekla,Jenkison,tjenkisonaz@marketwatch.com,Non-binary,3.81.93.57
397,Teresita,Cancellario,tcancellariob0@home.pl,Female,235.58.33.240
398,Jannelle,Kelland,jkellandb1@163.com,Female,112.148.108.166
399,Alberik,Macer,amacerb2@infoseek.co.jp,Genderfluid,38.220.180.134
400,Goldy,Goodered,ggooderedb3@multiply.com,Female,221.167.46.203
401,Gene,Monnery,gmonneryb4@epa.gov,Female,154.170.201.201
402,Camile,Munkley,cmunkleyb5@oakley.com,Female,222.174.229.213
403,Winston,Florez,wflorezb6@ca.gov,Male,21.166.158.76
404,Addison,Lamartine,alamartineb7@bbc.co.uk,Male,79.240.18.165
405,Rafaellle,Chupin,rchupinb8@imageshack.us,Male,24.156.26.180
406,Rabi,Lochhead,rlochheadb9@elpais.com,Male,139.89.187.143
407,Travers,Petyakov,tpetyakovba@1688.com,Male,116.95.82.5
408,Der,Antonescu,dantonescubb@gizmodo.com,Male,18.232.156.39
409,Gracie,Malzard,gmalzardbc@bing.com,Female,36.62.95.13
410,Marybelle,Cicculini,mcicculinibd@cnet.com,Female,188.208.144.210
411,Corena,O'Kielt,cokieltbe@yahoo.com,Genderfluid,111.239.240.56
412,Cammy,Cust,ccustbf@gmpg.org,Male,148.11.211.237
413,Lewiss,Conquer,lconquerbg@macromedia.com,Non-binary,32.217.189.183
414,Robinet,Dobel,rdobelbh@techcrunch.com,Female,221.244.95.242
415,Aggie,Bartolozzi,abartolozzibi@4shared.com,Female,181.40.195.140
416,Avis,Greenhaugh,agreenhaughbj@posterous.com,Female,151.138.11.70
417,Toddie,Quemby,tquembybk@chronoengine.com,Agender,65.107.151.48
418,Jodi,Rosle,jroslebl@pinterest.com,Male,33.155.103.216
419,Bobette,McGhie,bmcghiebm@liveinternet.ru,Female,222.71.16.179
420,Ema,Attenbrough,eattenbroughbn@imdb.com,Female,80.98.129.198
421,Gonzalo,Fackney,gfackneybo@smugmug.com,Polygender,222.131.170.59
422,Ruthie,Ciardo,rciardobp@cdbaby.com,Female,100.129.34.55
423,Rhiamon,Pettigree,rpettigreebq@webmd.com,Female,37.132.221.131
424,Consuela,Wike,cwikebr@amazonaws.com,Female,108.164.128.122
425,Zaneta,Dopson,zdopsonbs@hp.com,Female,48.62.182.29
426,Ricki,Bensen,rbensenbt@opensource.org,Male,92.17.75.89
427,Neill,Huntriss,nhuntrissbu@nationalgeographic.com,Male,185.195.131.234
428,Lisa,Sillitoe,lsillitoebv@zimbio.com,Genderqueer,229.190.155.32
429,Dusty,Samson,dsamsonbw@ebay.co.uk,Bigender,100.187.14.2
430,Zaria,Collacombe,zcollacombebx@bloglovin.com,Female,97.105.81.195
431,Starlin,Ensten,senstenby@altervista.org,Female,203.189.33.185
432,Alexina,Douberday,adouberdaybz@netscape.com,Female,17.216.118.89
433,Goldia,Gossage,ggossagec0@weebly.com,Female,130.170.100.148
434,Daisi,Doncaster,ddoncasterc1@shop-pro.jp,Female,38.239.231.246
435,Bard,Rizziello,brizzielloc2@woothemes.com,Male,168.237.120.14
436,Jeffie,Kubu,jkubuc3@blog.com,Non-binary,229.8.225.159
437,Charo,Hast,chastc4@army.mil,Female,214.204.254.207
438,Bob,Galliford,bgallifordc5@mtv.com,Male,183.64.90.241
439,Karly,Brearton,kbreartonc6@reddit.com,Female,160.180.202.104
440,Marcelo,Cambden,mcambdenc7@themeforest.net,Male,141.181.86.52
441,Romeo,Trevascus,rtrevascusc8@goo.gl,Agender,58.17.191.128
442,Gar,Hallows,ghallowsc9@twitter.com,Male,202.206.231.166
443,Siobhan,Mityashin,smityashinca@bluehost.com,Female,232.136.140.155
444,Deonne,Zanussii,dzanussiicb@seattletimes.com,Female,186.142.110.254
445,Tabbatha,Gascar,tgascarcc@chicagotribune.com,Female,175.197.200.161
446,Gregoire,Yellep,gyellepcd@who.int,Male,14.3.10.8
447,Lacee,Ridesdale,lridesdalece@networkadvertising.org,Female,178.174.194.198
448,Joshia,Gilfoyle,jgilfoylecf@rakuten.co.jp,Male,59.27.126.202
449,Parrnell,Laguerre,plaguerrecg@si.edu,Non-binary,160.111.249.188
450,Thorin,Curuclis,tcuruclisch@cyberchimps.com,Genderqueer,194.206.61.175
451,Marysa,Markwelley,mmarkwelleyci@stanford.edu,Female,202.151.186.167
452,Helli,Parlour,hparlourcj@hhs.gov,Non-binary,220.87.193.223
453,Gino,Aldins,galdinsck@topsy.com,Male,38.214.166.30
454,Mufinella,Sherrett,msherrettcl@hatena.ne.jp,Female,159.131.170.241
455,Ellene,Goodridge,egoodridgecm@who.int,Female,71.104.64.144
456,Lona,Downey,ldowneycn@cbc.ca,Female,111.159.177.209
457,Noelle,Price,npriceco@miitbeian.gov.cn,Genderqueer,15.174.56.100
458,Riane,Bugden,rbugdencp@linkedin.com,Non-binary,149.106.26.138
459,Reggis,Mulrooney,rmulrooneycq@wsj.com,Male,172.229.138.232
460,Gregory,Farnie,gfarniecr@bbb.org,Male,186.23.36.244
461,Pauly,Mariotte,pmariottecs@auda.org.au,Agender,164.242.144.129
462,Carr,Serrell,cserrellct@go.com,Male,108.226.127.44
463,Waldo,McKeighan,wmckeighancu@shareasale.com,Male,93.250.140.8
464,Kirbie,Royal,kroyalcv@nps.gov,Female,201.66.156.50
465,Oralle,Simonou,osimonoucw@springer.com,Female,135.21.102.122
466,Ax,Spain,aspaincx@multiply.com,Male,243.237.118.74
467,Darb,Dowsey,ddowseycy@miitbeian.gov.cn,Female,85.27.222.71
468,Saunderson,Sayle,ssaylecz@g.co,Male,31.34.202.156
469,Wilden,Elan,weland0@bravesites.com,Male,94.120.18.200
470,Gabie,Cudbird,gcudbirdd1@wix.com,Female,179.236.141.67
471,Hubie,Le-Good,hlegoodd2@kickstarter.com,Male,207.204.61.210
472,Jillayne,Grahlmans,jgrahlmansd3@blog.com,Female,39.213.58.223
473,Arnold,Mabb,amabbd4@cyberchimps.com,Male,93.130.186.193
474,Stevie,Venditti,svendittid5@gizmodo.com,Male,136.74.252.90
475,Aura,Tims,atimsd6@dropbox.com,Female,175.114.112.218
476,Netty,Kees,nkeesd7@senate.gov,Bigender,128.129.68.109
477,Geoffrey,Kneath,gkneathd8@spotify.com,Male,242.27.87.123
478,Charline,Noirel,cnoireld9@cbc.ca,Bigender,54.254.224.61
479,Neel,Srutton,nsruttonda@plala.or.jp,Male,241.215.25.51
480,Letta,Duckham,lduckhamdb@disqus.com,Female,162.153.87.105
481,Goddard,Coyish,gcoyishdc@shutterfly.com,Male,255.236.249.10
482,Koral,Charlick,kcharlickdd@usgs.gov,Female,105.152.220.68
483,Chantal,Rosbotham,crosbothamde@eventbrite.com,Female,243.153.66.76
484,Esme,Gwyther,egwytherdf@edublogs.org,Female,9.52.46.175
485,Demetrius,Gozzard,dgozzarddg@toplist.cz,Male,152.87.96.205
486,Garret,Seath,gseathdh@twitpic.com,Male,141.76.191.163
487,Mercedes,Sisson,msissondi@pinterest.com,Female,16.84.51.192
488,Carmita,Oulet,couletdj@indiegogo.com,Female,210.142.163.139
489,Marena,Seppey,mseppeydk@cmu.edu,Non-binary,167.69.255.21
490,Morry,Anthony,manthonydl@yolasite.com,Male,96.184.77.129
491,Adriano,Binley,abinleydm@tinyurl.com,Male,94.102.244.136
492,Gaston,Wathen,gwathendn@about.me,Male,157.154.84.46
493,Anitra,De Vaar,adevaardo@vimeo.com,Female,5.174.18.19
494,Mendy,Scogings,mscogingsdp@4shared.com,Male,158.8.9.185
495,Oswald,Nolin,onolindq@yolasite.com,Male,229.56.207.17
496,Nicole,LaBastida,nlabastidadr@chicagotribune.com,Female,90.159.14.218
497,Rene,Darnbrough,rdarnbroughds@dailymail.co.uk,Female,42.10.136.94
498,Dorella,Cruttenden,dcruttendendt@harvard.edu,Female,103.69.46.34
499,Freddie,Burke,fburkedu@gizmodo.com,Male,96.15.223.56
500,Poppy,Ride,pridedv@desdev.cn,Female,189.184.250.51
501,Hilario,Santhouse,hsanthousedw@storify.com,Male,84.253.45.124
502,Tyrus,Braybrooks,tbraybrooksdx@globo.com,Male,175.139.243.61
503,Cassie,Meach,cmeachdy@wordpress.org,Male,48.143.88.166
504,Cecelia,Bindin,cbindindz@phpbb.com,Female,68.211.169.40
505,Chris,Peizer,cpeizere0@bandcamp.com,Male,56.27.115.26
506,Brigitte,Zipsell,bzipselle1@amazonaws.com,Female,175.165.77.231
507,Jaquenette,McVaugh,jmcvaughe2@cbsnews.com,Female,51.58.97.173
508,Magdalena,Bonnavant,mbonnavante3@google.ca,Female,110.206.16.48
509,Fidole,Francioli,ffranciolie4@privacy.gov.au,Male,134.31.169.20
510,Saundra,Odam,sodame5@stanford.edu,Male,176.6.36.42
511,Earle,Branford,ebranforde6@lulu.com,Male,143.144.5.92
512,Jane,Cadigan,jcadigane7@nydailynews.com,Female,39.209.121.206
513,Manfred,Jaze,mjazee8@meetup.com,Bigender,165.54.130.21
514,Enoch,Arrigo,earrigoe9@wordpress.org,Male,178.51.161.253
515,Donall,Ditty,ddittyea@edublogs.org,Male,252.153.110.21
516,Charlie,Wetherburn,cwetherburneb@google.es,Male,0.247.41.202
517,Bowie,Brookson,bbrooksonec@github.io,Male,60.122.65.242
518,Polly,Bocke,pbockeed@uol.com.br,Female,244.2.37.191
519,Austine,Davidwitz,adavidwitzee@hugedomains.com,Non-binary,145.174.168.234
520,Candace,Werrit,cwerritef@pagesperso-orange.fr,Female,163.71.89.145
521,Nevil,Tremellier,ntremelliereg@google.de,Male,71.44.191.184
522,Ogdan,McInally,omcinallyeh@sourceforge.net,Male,157.85.55.103
523,Nelson,Negri,nnegriei@deviantart.com,Male,200.169.135.164
524,Adolphus,Klimushev,aklimushevej@eventbrite.com,Male,0.18.141.90
525,Zulema,Kik,zkikek@xrea.com,Female,218.69.240.91
526,Rachael,Crombie,rcrombieel@desdev.cn,Female,57.75.130.161
527,Bessy,Ludlom,bludlomem@godaddy.com,Female,228.91.63.145
528,Niel,Bendell,nbendellen@dropbox.com,Bigender,96.249.148.219
529,Carlos,Streeten,cstreeteneo@dailymotion.com,Male,81.174.178.83
530,Eolande,Harroway,eharrowayep@reverbnation.com,Female,125.12.207.111
531,Morey,Twittey,mtwitteyeq@yahoo.com,Male,5.93.22.166
532,Letta,Cardow,lcardower@answers.com,Female,168.1.19.235
533,Hagan,Siaskowski,hsiaskowskies@gmpg.org,Male,107.148.123.122
534,Ulric,Soggee,usoggeeet@google.fr,Male,47.141.40.158
535,Jaquith,Doche,jdocheeu@blogtalkradio.com,Female,102.149.102.32
536,Rabi,Hesey,rheseyev@go.com,Male,33.221.205.84
537,Bev,Najara,bnajaraew@msu.edu,Female,143.2.197.238
538,Adelheid,Bodill,abodillex@reference.com,Female,241.78.98.75
539,Fransisco,Reiach,freiachey@symantec.com,Male,208.135.236.15
540,Shoshanna,McTavish,smctavishez@infoseek.co.jp,Female,79.212.59.204
541,Minnaminnie,Yanne,myannef0@photobucket.com,Female,115.40.44.157
542,Nissie,Playfoot,nplayfootf1@sun.com,Female,72.44.103.177
543,Federico,Beevens,fbeevensf2@angelfire.com,Male,175.215.0.6
544,Chen,McKibbin,cmckibbinf3@washingtonpost.com,Male,147.88.237.89
545,Welsh,Elcy,welcyf4@cisco.com,Male,149.60.168.97
546,Remy,Dallow,rdallowf5@omniture.com,Female,51.23.5.31
547,Georgeanne,Benard,gbenardf6@parallels.com,Female,188.250.13.61
548,Boris,Cullington,bcullingtonf7@ifeng.com,Male,90.91.97.166
549,Andres,Tosh,atoshf8@tumblr.com,Male,3.111.120.61
550,Noami,Brandes,nbrandesf9@dropbox.com,Female,236.23.124.144
551,Carmina,Tuckett,ctuckettfa@yelp.com,Genderqueer,155.220.227.97
552,Rossy,Tomaszewicz,rtomaszewiczfb@comcast.net,Male,47.248.179.56
553,Kellen,Crosetto,kcrosettofc@reddit.com,Female,207.1.111.143
554,Rafi,Hitschke,rhitschkefd@discovery.com,Male,244.29.104.82
555,Shaun,Papa,spapafe@pagesperso-orange.fr,Male,9.15.153.22
556,Frazer,Warfield,fwarfieldff@goo.ne.jp,Male,221.37.135.201
557,Lincoln,Hawkswell,lhawkswellfg@woothemes.com,Male,44.0.237.169
558,Yankee,Fishleigh,yfishleighfh@unc.edu,Male,248.40.153.131
559,Terrell,Leibold,tleiboldfi@telegraph.co.uk,Male,53.66.50.38
560,Gordan,Gotch,ggotchfj@intel.com,Male,111.202.226.38
561,Ciro,Kleszinski,ckleszinskifk@vimeo.com,Male,37.212.32.208
562,Jackelyn,Stoffler,jstofflerfl@bravesites.com,Female,12.212.185.186
563,Danette,Lambertson,dlambertsonfm@indiegogo.com,Female,134.190.37.33
564,Whitman,Wollrauch,wwollrauchfn@mayoclinic.com,Male,190.19.182.130
565,Samantha,Bangley,sbangleyfo@gnu.org,Female,186.46.39.153
566,Maurine,Timny,mtimnyfp@miitbeian.gov.cn,Female,15.237.41.248
567,Aurelea,Condon,acondonfq@mit.edu,Female,227.203.77.4
568,Margery,Brokenshire,mbrokenshirefr@issuu.com,Female,56.64.19.60
569,Vic,Bolzmann,vbolzmannfs@vistaprint.com,Male,112.58.70.216
570,Alec,Sutterby,asutterbyft@tiny.cc,Male,112.1.77.157
571,Arni,Knappe,aknappefu@adobe.com,Male,161.123.109.66
572,Malanie,Barke,mbarkefv@senate.gov,Female,221.211.255.50
573,Gamaliel,Lamport,glamportfw@blogs.com,Male,225.75.94.40
574,Ardith,Monard,amonardfx@instagram.com,Female,24.216.142.19
575,Nico,Sowte,nsowtefy@jalbum.net,Male,29.63.218.248
576,Maegan,Szymonowicz,mszymonowiczfz@nbcnews.com,Female,64.25.183.172
577,Rani,Dudderidge,rdudderidgeg0@indiegogo.com,Female,109.74.24.8
578,Lay,Neward,lnewardg1@joomla.org,Male,113.13.234.240
579,Violetta,Macro,vmacrog2@posterous.com,Female,50.243.128.38
580,Halimeda,Di Claudio,hdiclaudiog3@comsenz.com,Female,22.86.134.62
581,Livvyy,Wrigglesworth,lwrigglesworthg4@wikipedia.org,Female,5.10.134.227
582,Dov,Grief,dgriefg5@tuttocitta.it,Male,88.109.101.129
583,Anders,Cumine,acumineg6@harvard.edu,Genderfluid,0.53.94.141
584,Eduardo,McEvay,emcevayg7@wisc.edu,Male,137.19.108.219
585,Isidro,Thorlby,ithorlbyg8@netscape.com,Male,27.73.175.122
586,Adolph,Ley,aleyg9@weebly.com,Male,162.187.170.209
587,Emlynn,Gives,egivesga@deliciousdays.com,Female,105.84.140.75
588,Becca,Fagence,bfagencegb@howstuffworks.com,Female,193.138.148.63
589,Onfroi,Valentim,ovalentimgc@google.co.jp,Male,62.138.50.135
590,Dacie,Molesworth,dmolesworthgd@opera.com,Female,78.173.116.144
591,Whitman,Abbett,wabbettge@discuz.net,Male,58.146.140.216
592,Bernita,Chicco,bchiccogf@wikipedia.org,Female,126.162.79.119
593,Bruce,Veall,bveallgg@google.com.br,Male,117.93.140.96
594,Bibi,Keefe,bkeefegh@vinaora.com,Female,65.64.226.243
595,Jacquie,Jozaitis,jjozaitisgi@123-reg.co.uk,Female,33.226.239.0
596,Charissa,Huygen,chuygengj@japanpost.jp,Female,79.184.166.55
597,Mal,Armsden,marmsdengk@theatlantic.com,Male,66.14.239.117
598,Dorie,Tollet,dtolletgl@linkedin.com,Male,108.211.6.251
599,Rhona,Novak,rnovakgm@patch.com,Female,209.175.75.213
600,Hillary,Meneely,hmeneelygn@geocities.jp,Female,66.208.180.52
601,Guendolen,Patullo,gpatullogo@irs.gov,Female,195.167.236.23
602,Rowney,Boldison,rboldisongp@ucoz.ru,Male,75.96.175.178
603,Carline,Yakushkin,cyakushkingq@census.gov,Female,14.209.24.188
604,Nahum,Bosomworth,nbosomworthgr@pbs.org,Male,62.17.85.21
605,Yuri,Sarfas,ysarfasgs@networkadvertising.org,Male,84.78.52.83
606,Trev,Brockton,tbrocktongt@goo.gl,Male,200.111.174.212
607,Nil,Le Franc,nlefrancgu@theatlantic.com,Male,77.33.217.91
608,Ulric,Benedick,ubenedickgv@google.ca,Male,218.185.219.133
609,Blondell,Guyon,bguyongw@utexas.edu,Female,66.186.142.157
610,Jeanie,Noton,jnotongx@mayoclinic.com,Female,176.43.228.178
611,Brandie,Batchelder,bbatcheldergy@cloudflare.com,Female,142.119.61.106
612,Clo,Triplet,ctripletgz@dropbox.com,Agender,57.67.28.155
613,Karel,Doe,kdoeh0@cornell.edu,Male,186.205.95.145
614,Bethina,Wenden,bwendenh1@nba.com,Female,54.234.172.155
615,Gerald,Cheke,gchekeh2@imageshack.us,Male,158.76.178.212
616,Lori,Drabble,ldrabbleh3@ucoz.com,Female,205.197.23.196
617,Marna,Sothcott,msothcotth4@tinypic.com,Female,98.107.98.27
618,Stewart,Pollock,spollockh5@squidoo.com,Male,78.248.182.254
619,Maryjo,Bamber,mbamberh6@technorati.com,Female,160.245.64.253
620,Wash,Cullivan,wcullivanh7@amazon.co.uk,Male,92.155.184.185
621,Alfred,Tompkins,atompkinsh8@furl.net,Male,229.204.119.106
622,Dirk,Benz,dbenzh9@google.com,Male,128.99.115.172
623,Meridel,Aust,maustha@homestead.com,Female,251.131.90.28
624,Tate,Jovis,tjovishb@vinaora.com,Male,235.153.149.67
625,Delmore,Hanwell,dhanwellhc@is.gd,Male,134.111.227.230
626,Gualterio,Burgane,gburganehd@w3.org,Male,69.162.98.175
627,Ajay,Matusiak,amatusiakhe@hp.com,Female,134.53.116.80
628,Bessy,Davenhall,bdavenhallhf@trellian.com,Female,232.66.155.141
629,Harbert,Carlisi,hcarlisihg@naver.com,Male,79.2.123.69
630,Gothart,Masserel,gmasserelhh@nba.com,Male,109.169.226.247
631,Richart,Allawy,rallawyhi@woothemes.com,Male,177.218.234.111
632,Joye,Syplus,jsyplushj@wired.com,Female,124.207.98.26
633,Barney,Scopham,bscophamhk@shareasale.com,Male,224.155.221.40
634,Klarika,Hawkswood,khawkswoodhl@microsoft.com,Female,90.252.22.180
635,Pammy,Allston,pallstonhm@twitter.com,Female,170.106.165.246
636,Betta,Shaves,bshaveshn@woothemes.com,Female,196.216.165.253
637,Bartolemo,Shalliker,bshallikerho@skype.com,Male,103.113.241.172
638,Luca,Proughten,lproughtenhp@51.la,Male,224.194.255.189
639,Rebecca,Revens,rrevenshq@tmall.com,Female,135.228.239.161
640,Brynne,Decayette,bdecayettehr@wufoo.com,Female,135.6.231.35
641,Tami,McCartney,tmccartneyhs@youtu.be,Female,30.188.231.224
642,Adolf,Shambroke,ashambrokeht@4shared.com,Male,102.119.108.129
643,Theda,Donaghy,tdonaghyhu@google.es,Female,150.12.231.162
644,Vilhelmina,Applegarth,vapplegarthhv@wikipedia.org,Female,105.57.149.209
645,Jade,Geater,jgeaterhw@gravatar.com,Female,131.168.18.123
646,Yorker,Hutcheon,yhutcheonhx@epa.gov,Male,208.250.109.104
647,Reeva,Surman-Wells,rsurmanwellshy@nyu.edu,Female,207.205.78.130
648,Kiley,Folonin,kfoloninhz@symantec.com,Male,91.164.9.209
649,Sunny,Allebone,sallebonei0@redcross.org,Female,237.8.245.28
650,Pail,Stockford,pstockfordi1@diigo.com,Male,116.188.92.86
651,Jaime,Proctor,jproctori2@psu.edu,Male,228.116.112.96
652,Dickie,Moore,dmoorei3@webeden.co.uk,Male,67.227.20.150
653,Casi,Ordemann,cordemanni4@microsoft.com,Female,198.148.196.204
654,Padgett,Formoy,pformoyi5@domainmarket.com,Male,48.244.46.162
655,Alvera,Guidone,aguidonei6@fotki.com,Female,89.10.246.89
656,Carolyne,Hearon,chearoni7@narod.ru,Female,151.144.146.75
657,Grantley,Oloshkin,goloshkini8@google.co.jp,Male,107.19.85.191
658,Dulcinea,Gounod,dgounodi9@artisteer.com,Female,245.9.111.169
659,Violette,Alywen,valywenia@wsj.com,Agender,183.19.170.232
660,Camella,Austen,caustenib@homestead.com,Polygender,174.23.176.210
661,Eadie,Bonicelli,ebonicelliic@earthlink.net,Female,136.239.191.89
662,Tremayne,Goodbody,tgoodbodyid@webnode.com,Male,11.171.11.185
663,Odo,Osmon,oosmonie@telegraph.co.uk,Male,248.54.176.63
664,Janaya,Saket,jsaketif@umich.edu,Female,193.86.179.218
665,Hamish,Behne,hbehneig@rediff.com,Male,203.90.138.62
666,Dick,Houseman,dhousemanih@bigcartel.com,Male,13.64.3.28
667,Karney,Tomadoni,ktomadoniii@over-blog.com,Male,6.251.69.118
668,Angus,O'Dare,aodareij@paginegialle.it,Polygender,211.31.221.199
669,Flossie,Whitehall,fwhitehallik@addthis.com,Female,178.69.113.40
670,Maible,Coppock.,mcoppockil@gravatar.com,Female,205.221.34.223
671,Emily,Willbourne,ewillbourneim@redcross.org,Female,245.202.37.101
672,Dennis,Richardeau,drichardeauin@tamu.edu,Male,144.72.52.97
673,Orville,Dinkin,odinkinio@virginia.edu,Male,42.24.12.184
674,Maryanna,McCrillis,mmccrillisip@wikia.com,Female,97.76.157.54
675,Fee,Sexcey,fsexceyiq@tumblr.com,Male,132.127.28.254
676,Filberto,Louiset,flouisetir@ted.com,Male,37.121.34.170
677,Siegfried,Rabbage,srabbageis@eepurl.com,Male,42.34.201.111
678,Burty,Clemenceau,bclemenceauit@phpbb.com,Male,107.71.245.232
679,Kasey,Dressel,kdresseliu@canalblog.com,Female,64.180.223.235
680,Walliw,Whitesel,wwhiteseliv@pcworld.com,Female,104.165.92.157
681,Jose,Veare,jveareiw@dell.com,Male,255.209.35.251
682,Adella,Troillet,atroilletix@java.com,Female,202.32.92.149
683,Enrica,Dollard,edollardiy@theglobeandmail.com,Female,104.251.48.238
684,Mord,Suter,msuteriz@ebay.com,Male,142.200.140.77
685,Prentiss,Bromwich,pbromwichj0@barnesandnoble.com,Male,153.85.36.5
686,Ruthanne,Whyffen,rwhyffenj1@mit.edu,Female,109.228.205.67
687,Jodie,Nettles,jnettlesj2@boston.com,Female,183.177.150.33
688,Neile,Hawarden,nhawardenj3@tinyurl.com,Female,0.137.146.96
689,Sarina,Dounbare,sdounbarej4@surveymonkey.com,Genderqueer,158.121.165.97
690,Sherri,Cormode,scormodej5@ted.com,Female,60.42.97.7
691,Niall,Skews,nskewsj6@jugem.jp,Male,230.112.201.110
692,Clarabelle,Guilbert,cguilbertj7@about.me,Agender,124.21.162.147
693,Keen,Klimschak,kklimschakj8@mysql.com,Male,64.82.50.194
694,Nickey,O'Keaveny,nokeavenyj9@usgs.gov,Male,19.201.144.244
695,Carolyn,Curwen,ccurwenja@dyndns.org,Female,83.92.255.189
696,Christa,Kealy,ckealyjb@spiegel.de,Female,22.125.68.119
697,Angelle,McGilbon,amcgilbonjc@ibm.com,Genderqueer,209.16.223.198
698,Bartolemo,Espinos,bespinosjd@pinterest.com,Male,233.176.8.152
699,Verena,Hrihorovich,vhrihorovichje@nydailynews.com,Female,131.166.222.207
700,Meghan,Frentz,mfrentzjf@friendfeed.com,Female,119.5.232.203
701,Royal,MacIntyre,rmacintyrejg@dion.ne.jp,Male,73.2.112.241
702,Mufinella,Leyborne,mleybornejh@yolasite.com,Female,46.57.106.108
703,Heddie,Gostyke,hgostykeji@purevolume.com,Female,56.15.218.199
704,Raviv,Innocent,rinnocentjj@shutterfly.com,Male,135.126.202.72
705,Parke,Samwaye,psamwayejk@sphinn.com,Male,26.52.55.217
706,Orran,Hubbard,ohubbardjl@linkedin.com,Non-binary,228.109.191.211
707,Wylma,MacDonogh,wmacdonoghjm@techcrunch.com,Female,234.70.191.215
708,Rudolf,Bulbeck,rbulbeckjn@yolasite.com,Male,229.210.10.209
709,Bordy,Innett,binnettjo@narod.ru,Genderfluid,72.126.83.188
710,Garnet,Sarll,gsarlljp@stanford.edu,Female,49.241.120.86
711,Darsie,Hemeret,dhemeretjq@nba.com,Female,2.208.221.188
712,Dorey,Jelliman,djellimanjr@skype.com,Female,55.41.32.24
713,Park,Lilburne,plilburnejs@dell.com,Male,25.90.84.164
714,Shell,Mainstone,smainstonejt@booking.com,Genderqueer,27.119.143.129
715,Daffi,Leuren,dleurenju@com.com,Female,36.176.134.86
716,Meg,Abell,mabelljv@symantec.com,Female,134.210.28.208
717,Marline,Rubenovic,mrubenovicjw@cbslocal.com,Female,96.101.153.169
718,Ophelie,Dignam,odignamjx@xing.com,Female,5.91.26.109
719,Sheela,Yedall,syedalljy@facebook.com,Female,87.50.47.111
720,Abbe,Cluckie,acluckiejz@shinystat.com,Male,204.79.182.38
721,Gustavus,Allicock,gallicockk0@php.net,Male,12.185.8.27
722,Tamma,Lampet,tlampetk1@walmart.com,Female,123.233.116.3
723,Orv,Rosewall,orosewallk2@washingtonpost.com,Male,63.88.235.96
724,Teriann,Houdmont,thoudmontk3@dailymail.co.uk,Non-binary,147.134.73.110
725,Florry,Knipe,fknipek4@google.co.uk,Female,88.211.125.78
726,Herrick,Jimmison,hjimmisonk5@state.gov,Male,117.72.157.235
727,Eva,Lockwood,elockwoodk6@wikimedia.org,Female,215.106.21.124
728,Bird,Adamkiewicz,badamkiewiczk7@forbes.com,Female,205.9.157.175
729,Karoly,Flacke,kflackek8@naver.com,Female,254.144.241.59
730,Noby,Edelston,nedelstonk9@constantcontact.com,Male,229.181.106.236
731,Olivia,Barniss,obarnisska@springer.com,Female,15.22.63.156
732,Jamill,Keedwell,jkeedwellkb@ehow.com,Male,136.3.181.253
733,Alameda,Bolan,abolankc@telegraph.co.uk,Female,58.13.218.13
734,Chris,Buckston,cbuckstonkd@digg.com,Male,9.192.238.54
735,Cesare,Berisford,cberisfordke@amazon.com,Male,254.115.178.63
736,Rosalynd,Maskelyne,rmaskelynekf@wikispaces.com,Female,245.221.200.27
737,Solomon,Gallie,sgalliekg@topsy.com,Male,46.206.55.10
738,Davon,Fulop,dfulopkh@issuu.com,Male,186.146.135.144
739,Odette,Harwick,oharwickki@clickbank.net,Genderfluid,74.230.83.57
740,Eveline,Jellett,ejellettkj@domainmarket.com,Female,33.150.212.3
741,Moshe,Burman,mburmankk@webnode.com,Male,119.173.87.209
742,Frannie,Pennells,fpennellskl@unesco.org,Male,2.68.240.18
743,Toddie,Dusting,tdustingkm@state.tx.us,Male,51.138.33.120
744,Mayor,Garrish,mgarrishkn@weather.com,Genderfluid,159.171.211.31
745,Estrellita,Tabor,etaborko@ehow.com,Female,117.117.85.240
746,Averell,Hurley,ahurleykp@imdb.com,Agender,152.206.121.19
747,Heidi,Fritter,hfritterkq@ted.com,Female,86.158.113.147
748,Noach,Baskerfield,nbaskerfieldkr@bravesites.com,Male,10.149.176.108
749,Nathan,Brane,nbraneks@icq.com,Male,163.162.172.103
750,Xymenes,McDuffie,xmcduffiekt@arizona.edu,Male,219.34.83.27
751,Cori,Bealing,cbealingku@example.com,Male,247.216.252.222
752,Juline,Jearum,jjearumkv@smugmug.com,Female,222.158.179.96
753,Candi,Seefeldt,cseefeldtkw@prnewswire.com,Female,99.57.44.169
754,Brittne,Ramberg,brambergkx@oakley.com,Polygender,206.99.228.127
755,Leah,Bidewell,lbidewellky@imdb.com,Female,11.23.78.145
756,Damon,Hymer,dhymerkz@mlb.com,Male,71.104.103.42
757,Carl,Lindwall,clindwalll0@ftc.gov,Male,33.56.188.14
758,Udall,Itzchaky,uitzchakyl1@army.mil,Genderfluid,99.218.106.54
759,Sibylle,Hitzke,shitzkel2@reverbnation.com,Female,142.53.107.86
760,Pancho,Land,plandl3@buzzfeed.com,Male,84.220.149.231
761,Andras,Weld,aweldl4@hud.gov,Male,30.44.209.30
762,Brewer,McWhorter,bmcwhorterl5@uiuc.edu,Male,32.31.8.36
763,Hort,Giscken,hgisckenl6@mac.com,Male,210.200.51.244
764,Bryn,Drance,bdrancel7@woothemes.com,Male,233.98.238.132
765,Tobiah,Sallery,tsalleryl8@de.vu,Male,174.241.0.207
766,Kerrill,Pydcock,kpydcockl9@stanford.edu,Female,4.103.104.175
767,Maren,Luchetti,mluchettila@booking.com,Female,21.46.51.208
768,Shawn,Culshew,sculshewlb@elpais.com,Female,45.55.214.175
769,Culver,Dybell,cdybelllc@comcast.net,Male,255.165.151.255
770,Wells,Foulgham,wfoulghamld@vkontakte.ru,Male,118.183.215.242
771,Bradly,Footer,bfooterle@cbslocal.com,Male,88.187.81.88
772,Jeramie,Raymen,jraymenlf@ftc.gov,Male,7.41.189.11
773,Lind,Ughetti,lughettilg@wikipedia.org,Male,210.180.194.10
774,Ganny,Wolpert,gwolpertlh@zdnet.com,Male,127.228.146.2
775,Malynda,Demead,mdemeadli@engadget.com,Female,112.136.155.151
776,Merrielle,Fisher,mfisherlj@t.co,Female,89.110.148.221
777,Alexander,Slisby,aslisbylk@prlog.org,Male,187.111.103.90
778,Emily,Lampaert,elampaertll@last.fm,Female,166.228.143.2
779,Frasco,Housaman,fhousamanlm@state.gov,Male,232.199.168.1
780,Zack,Vevers,zveversln@slate.com,Genderqueer,199.56.155.133
781,Shanan,Dunstall,sdunstalllo@cdbaby.com,Male,135.67.41.254
782,Helaine,Blethyn,hblethynlp@bloglovin.com,Female,52.107.29.36
783,Portie,Peppard,ppeppardlq@plala.or.jp,Male,238.23.114.77
784,Cassius,Lammerich,clammerichlr@vistaprint.com,Male,95.27.59.252
785,Laurena,Gallacher,lgallacherls@hostgator.com,Polygender,133.233.7.138
786,Dido,Patience,dpatiencelt@infoseek.co.jp,Genderfluid,78.101.142.125
787,Niven,Ghiraldi,nghiraldilu@yandex.ru,Male,218.90.67.16
788,Sunny,Jiranek,sjiraneklv@plala.or.jp,Male,117.1.61.85
789,Lothario,Wehnerr,lwehnerrlw@sciencedaily.com,Male,167.223.172.135
790,Linnell,Le Claire,lleclairelx@tuttocitta.it,Female,5.32.210.38
791,Mellie,Dottrell,mdottrellly@paypal.com,Female,14.241.15.29
792,Krishnah,Warner,kwarnerlz@eventbrite.com,Male,127.210.180.210
793,Brucie,Eynaud,beynaudm0@chronoengine.com,Male,145.233.31.183
794,Rudyard,Larimer,rlarimerm1@telegraph.co.uk,Male,117.126.140.165
795,Layney,Swaffield,lswaffieldm2@scientificamerican.com,Female,211.1.16.247
796,Bennett,Argontt,bargonttm3@comsenz.com,Male,248.110.74.66
797,Tanya,Careswell,tcareswellm4@hibu.com,Female,100.166.152.122
798,Morgen,Bensusan,mbensusanm5@baidu.com,Female,56.168.124.82
799,Candide,Andrysek,candrysekm6@vkontakte.ru,Female,123.34.117.16
800,Leone,Drayn,ldraynm7@state.gov,Female,182.76.62.91
801,Addia,Clarson,aclarsonm8@google.co.jp,Female,189.7.1.31
802,Gilli,Offiler,goffilerm9@istockphoto.com,Female,255.64.29.126
803,Boyd,Bastable,bbastablema@state.gov,Male,212.12.17.31
804,Hurleigh,Axston,haxstonmb@amazon.co.jp,Male,66.253.42.13
805,Kalil,Forgan,kforganmc@dailymotion.com,Male,223.229.241.224
806,Darb,Glanvill,dglanvillmd@google.ca,Female,227.69.133.9
807,Sybilla,Brabben,sbrabbenme@tiny.cc,Female,152.217.45.206
808,Lammond,Shadrack,lshadrackmf@dot.gov,Male,158.82.116.227
809,Marena,Adamou,madamoumg@live.com,Female,97.79.72.86
810,Juditha,Taree,jtareemh@elpais.com,Female,173.105.20.217
811,Amaleta,Kleuer,akleuermi@house.gov,Female,116.169.92.183
812,Nicolea,Allabush,nallabushmj@businesswire.com,Female,225.22.223.101
813,Ynez,Altofts,yaltoftsmk@dagondesign.com,Female,254.7.29.240
814,Frankie,McCann,fmccannml@harvard.edu,Female,186.243.178.115
815,Worthy,Allaway,wallawaymm@java.com,Male,228.145.244.212
816,Erasmus,Eckh,eeckhmn@gmpg.org,Male,86.137.36.243
817,Codie,Bellanger,cbellangermo@nifty.com,Male,194.215.217.140
818,Evelin,Pasmore,epasmoremp@issuu.com,Genderfluid,216.11.70.125
819,Neville,Adlington,nadlingtonmq@ucoz.com,Male,4.53.160.83
820,Maureene,Patington,mpatingtonmr@noaa.gov,Female,84.212.107.102
821,Odilia,McQuaide,omcquaidems@theatlantic.com,Female,0.173.128.173
822,Tracy,Fist,tfistmt@wufoo.com,Male,51.128.175.222
823,Fallon,Forrest,fforrestmu@pagesperso-orange.fr,Female,150.170.2.44
824,Holden,Neubigin,hneubiginmv@cpanel.net,Male,108.2.101.108
825,Rutledge,Jaquest,rjaquestmw@webnode.com,Male,9.176.26.152
826,Lotti,Brendel,lbrendelmx@example.com,Female,71.141.164.97
827,Roslyn,McCarrick,rmccarrickmy@google.co.jp,Female,28.252.147.143
828,Denny,Roller,drollermz@miibeian.gov.cn,Female,18.147.196.4
829,Cleon,Hullyer,chullyern0@pinterest.com,Male,145.10.132.54
830,Gawain,Annott,gannottn1@nytimes.com,Genderqueer,232.223.239.1
831,Evangelin,Accombe,eaccomben2@oracle.com,Female,38.159.12.154
832,Dew,Fripp,dfrippn3@theguardian.com,Male,42.137.163.80
833,Reeba,Besque,rbesquen4@ehow.com,Female,27.172.20.15
834,Mariann,Rathke,mrathken5@moonfruit.com,Female,39.0.7.22
835,Lishe,McCroary,lmccroaryn6@cbslocal.com,Polygender,193.14.95.139
836,Anselm,Durbyn,adurbynn7@simplemachines.org,Male,107.70.9.217
837,Ruby,Evill,revilln8@scientificamerican.com,Male,37.21.203.221
838,Stormy,Mantrup,smantrupn9@amazon.co.jp,Female,75.58.148.165
839,Dorice,O'Gormally,dogormallyna@4shared.com,Female,212.241.80.69
840,Hayden,Laurence,hlaurencenb@skype.com,Male,237.192.170.168
841,Kissiah,Wrates,kwratesnc@yale.edu,Female,25.0.21.166
842,Tammara,Fontes,tfontesnd@shinystat.com,Female,83.32.214.145
843,Neysa,Matitiaho,nmatitiahone@zdnet.com,Non-binary,191.113.148.202
844,Missy,Bassill,mbassillnf@mozilla.org,Female,229.240.107.221
845,Cirstoforo,Greves,cgrevesng@ucla.edu,Male,22.138.133.155
846,Kendal,Steiner,ksteinernh@unicef.org,Male,30.182.249.22
847,Pattie,Josum,pjosumni@domainmarket.com,Male,103.231.251.136
848,Alberta,Bestwick,abestwicknj@pbs.org,Female,243.67.49.55
849,Misty,Adshead,madsheadnk@msu.edu,Female,27.251.226.149
850,Carin,Verey,cvereynl@techcrunch.com,Female,34.232.77.43
851,Michail,Thake,mthakenm@forbes.com,Male,217.149.170.65
852,Amy,Mudd,amuddnn@webeden.co.uk,Female,159.179.135.204
853,Evvy,Cabell,ecabellno@ebay.com,Female,96.21.206.6
854,Emmalyn,Tritten,etrittennp@discovery.com,Female,254.179.76.150
855,Erl,Castlake,ecastlakenq@eepurl.com,Male,11.16.127.188
856,Drugi,Saywood,dsaywoodnr@flavors.me,Male,77.240.210.14
857,Allene,Emlin,aemlinns@shinystat.com,Female,53.151.13.174
858,Garrard,Coppenhall,gcoppenhallnt@netscape.com,Male,215.243.210.205
859,Norby,Rangell,nrangellnu@slashdot.org,Genderqueer,72.213.180.123
860,Tiebold,Speechley,tspeechleynv@state.tx.us,Male,22.146.2.6
861,Onida,Morrant,omorrantnw@usatoday.com,Female,0.30.200.253
862,Schuyler,Arent,sarentnx@miitbeian.gov.cn,Male,116.222.92.244
863,Carling,Schuck,cschuckny@mozilla.org,Male,216.22.77.38
864,Ebeneser,Finicj,efinicjnz@irs.gov,Male,78.151.235.162
865,Penrod,Avramow,pavramowo0@odnoklassniki.ru,Male,178.98.175.217
866,Celestyna,Yann,cyanno1@g.co,Female,48.105.51.4
867,Jayme,Coskerry,jcoskerryo2@mayoclinic.com,Female,195.231.156.34
868,Michaeline,Haville,mhavilleo3@skype.com,Female,220.81.197.253
869,Bunni,Di Carlo,bdicarloo4@pen.io,Non-binary,111.115.222.88
870,Guillema,World,gworldo5@chicagotribune.com,Female,238.28.133.197
871,Jeremiah,Bollum,jbollumo6@devhub.com,Male,158.91.253.252
872,Nani,Cassely,ncasselyo7@prweb.com,Female,58.175.85.177
873,Norton,Bomfield,nbomfieldo8@com.com,Male,239.144.21.76
874,Dietrich,Lawrance,dlawranceo9@statcounter.com,Male,137.100.91.235
875,Brockie,Ahlf,bahlfoa@wix.com,Male,191.120.64.47
876,Garrott,Antonucci,gantonucciob@youtu.be,Male,113.104.173.36
877,Collen,Le Sieur,clesieuroc@diigo.com,Female,134.36.57.64
878,Kayla,Schorah,kschorahod@symantec.com,Female,94.133.94.105
879,Fanechka,Letson,fletsonoe@360.cn,Female,112.26.110.241
880,Bel,Raithbie,braithbieof@patch.com,Female,232.87.127.172
881,Tessi,Gainsborough,tgainsboroughog@lycos.com,Female,208.198.79.84
882,Dalia,Koomar,dkoomaroh@cdc.gov,Female,144.79.110.166
883,Ashlen,Rontsch,arontschoi@ca.gov,Female,70.114.185.244
884,Prince,Pigney,ppigneyoj@dailymail.co.uk,Male,156.169.220.113
885,Sascha,Romi,sromiok@ebay.co.uk,Male,251.127.183.216
886,Belva,Paprotny,bpaprotnyol@paginegialle.it,Female,56.117.203.127
887,Elena,Okell,eokellom@networkadvertising.org,Female,143.89.12.62
888,Tris,Rennocks,trennockson@amazon.co.uk,Male,43.93.111.94
889,Aluino,Meiner,ameineroo@bloomberg.com,Male,16.53.169.43
890,Darla,Aires,dairesop@behance.net,Female,26.55.0.240
891,Ringo,Skivington,rskivingtonoq@miibeian.gov.cn,Male,26.237.55.0
892,Xerxes,Nealon,xnealonor@tiny.cc,Male,32.102.91.30
893,Norry,Goldine,ngoldineos@dot.gov,Male,167.188.159.243
894,Charline,MacTrustie,cmactrustieot@angelfire.com,Polygender,23.141.45.98
895,Bathsheba,Gwillim,bgwillimou@ezinearticles.com,Female,242.26.238.197
896,Nanni,Chaikovski,nchaikovskiov@phpbb.com,Female,74.227.77.72
897,Saleem,Sproul,ssproulow@walmart.com,Male,177.212.187.50
898,Cordi,Nitti,cnittiox@ning.com,Female,148.118.50.50
899,Mirella,Verbruggen,mverbruggenoy@intel.com,Female,94.144.239.41
900,Dona,Redding,dreddingoz@japanpost.jp,Female,136.199.200.7
901,Magnum,Coltart,mcoltartp0@twitpic.com,Male,208.11.168.14
902,Emili,Chopin,echopinp1@sitemeter.com,Female,38.8.202.98
903,Shay,Olivie,soliviep2@ebay.com,Non-binary,29.26.121.67
904,Luther,Liger,lligerp3@hostgator.com,Male,241.232.255.26
905,Cleavland,Riveles,crivelesp4@w3.org,Male,151.113.42.112
906,Shana,Byrch,sbyrchp5@un.org,Female,127.45.30.246
907,Aurthur,Tuke,atukep6@bizjournals.com,Male,163.251.110.79
908,Yancy,Alan,yalanp7@sbwire.com,Male,44.60.169.191
909,Rutger,Deinert,rdeinertp8@surveymonkey.com,Male,167.87.177.54
910,Rubi,Deeks,rdeeksp9@scientificamerican.com,Female,77.214.187.184
911,Shandy,Pressey,spresseypa@hud.gov,Bigender,95.192.137.175
912,Sacha,Allright,sallrightpb@ifeng.com,Female,60.196.62.34
913,Barrie,Beale,bbealepc@moonfruit.com,Female,135.190.4.252
914,Yvor,Muckart,ymuckartpd@ca.gov,Male,87.62.83.48
915,Emma,Whyteman,ewhytemanpe@constantcontact.com,Female,18.190.0.245
916,Rance,Yeowell,ryeowellpf@a8.net,Genderqueer,91.36.86.29
917,Teodora,Moxson,tmoxsonpg@nih.gov,Female,90.33.18.162
918,Jaymee,Braunstein,jbraunsteinph@forbes.com,Female,225.209.209.94
919,Falkner,Franzelini,ffranzelinipi@slate.com,Male,185.123.221.144
920,Shirl,Wein,sweinpj@reuters.com,Genderfluid,238.2.252.185
921,Marleah,Ebbin,mebbinpk@last.fm,Female,30.222.153.205
922,Fidole,De Zuani,fdezuanipl@macromedia.com,Male,197.83.178.21
923,Hermina,O'Dennehy,hodennehypm@spotify.com,Female,13.143.226.228
924,Archer,Mariner,amarinerpn@ft.com,Male,105.145.199.29
925,Fidelio,Evamy,fevamypo@dot.gov,Male,240.5.154.190
926,Caddric,Gallymore,cgallymorepp@wsj.com,Male,32.207.90.117
927,Glenine,Blundon,gblundonpq@rambler.ru,Female,50.164.103.168
928,Miguelita,Currm,mcurrmpr@artisteer.com,Female,88.54.151.136
929,Jonah,Timson,jtimsonps@kickstarter.com,Male,251.231.220.76
930,Malory,Adamovich,madamovichpt@sohu.com,Female,115.197.158.173
931,Dominique,Stiegar,dstiegarpu@ask.com,Male,59.0.158.67
932,Orton,Jahnisch,ojahnischpv@google.es,Male,197.172.76.166
933,Gerrard,Wellwood,gwellwoodpw@discovery.com,Male,51.27.109.91
934,Carol-jean,Rennix,crennixpx@jugem.jp,Female,34.161.190.236
935,Courtney,Berggren,cberggrenpy@chicagotribune.com,Male,203.186.82.13
936,Kiah,Kliesl,kklieslpz@netscape.com,Genderqueer,115.91.196.82
937,Kearney,Herculeson,kherculesonq0@sohu.com,Male,216.177.92.194
938,Giorgio,Filipponi,gfilipponiq1@feedburner.com,Male,13.196.78.142
939,Daisie,Buglass,dbuglassq2@economist.com,Polygender,209.135.64.223
940,Cherilyn,Muddiman,cmuddimanq3@ask.com,Female,29.81.67.57
941,Perrine,Gallyon,pgallyonq4@usatoday.com,Female,0.119.9.78
942,Corella,Fearnall,cfearnallq5@alibaba.com,Female,46.167.135.9
943,Stevie,Vedenyapin,svedenyapinq6@squarespace.com,Male,230.77.79.117
944,Salli,Zanre,szanreq7@hibu.com,Female,239.236.42.66
945,Scotty,Choules,schoulesq8@booking.com,Male,226.97.200.231
946,Aube,Robeiro,arobeiroq9@mashable.com,Genderqueer,59.62.145.197
947,Frasier,Lobe,flobeqa@diigo.com,Male,250.36.153.102
948,Remington,Gent,rgentqb@engadget.com,Male,251.96.230.104
949,Darcy,Beaushaw,dbeaushawqc@behance.net,Female,13.126.147.87
950,Penni,Rangle,prangleqd@acquirethisname.com,Female,108.167.149.236
951,Lilias,Sabberton,lsabbertonqe@yale.edu,Female,216.43.150.165
952,Enrika,Dillintone,edillintoneqf@gnu.org,Female,65.249.16.56
953,Elroy,Clissett,eclissettqg@skyrock.com,Male,244.24.70.31
954,Balduin,Loosemore,bloosemoreqh@tamu.edu,Male,200.58.136.131
955,Marrissa,McGreary,mmcgrearyqi@walmart.com,Female,21.151.142.228
956,Leonard,Braganza,lbraganzaqj@tmall.com,Male,21.54.218.59
957,Van,Nabbs,vnabbsqk@surveymonkey.com,Genderfluid,175.29.164.206
958,Eachelle,Wymer,ewymerql@comcast.net,Female,36.229.116.241
959,Teri,Lentsch,tlentschqm@cbsnews.com,Female,38.116.88.110
960,Hussein,Radbourne,hradbourneqn@buzzfeed.com,Male,14.151.13.228
961,Lacie,Trowsdale,ltrowsdaleqo@home.pl,Female,59.117.128.14
962,Peggie,Jentle,pjentleqp@seesaa.net,Female,242.165.178.114
963,Giustino,Silversmid,gsilversmidqq@github.com,Male,196.172.130.103
964,Myles,Easom,measomqr@youtube.com,Male,207.73.187.77
965,Deana,Garrity,dgarrityqs@trellian.com,Female,53.160.213.201
966,Buddy,Laraway,blarawayqt@icq.com,Male,179.123.131.205
967,Jannelle,Willis,jwillisqu@amazon.co.jp,Female,169.161.163.43
968,Matias,Augustus,maugustusqv@washingtonpost.com,Male,158.17.137.176
969,Nerti,Chidwick,nchidwickqw@instagram.com,Female,148.137.214.187
970,Concettina,Kilbey,ckilbeyqx@newyorker.com,Female,11.4.52.98
971,Faye,Skough,fskoughqy@miibeian.gov.cn,Female,20.132.46.52
972,Suzanna,Reye,sreyeqz@rambler.ru,Female,123.0.238.182
973,Daniella,Everil,deverilr0@who.int,Female,113.167.93.205
974,Con,Kovacs,ckovacsr1@flickr.com,Female,213.106.130.59
975,Theodor,Stanett,tstanettr2@google.com.au,Male,115.224.222.152
976,Darla,Pavlishchev,dpavlishchevr3@si.edu,Female,205.110.195.116
977,Abie,Macquire,amacquirer4@mlb.com,Male,95.28.150.197
978,Violante,Longfield,vlongfieldr5@gov.uk,Female,223.29.179.17
979,Panchito,Doble,pdobler6@uol.com.br,Male,24.109.111.43
980,Kaela,Trafford,ktraffordr7@mozilla.com,Female,243.240.96.250
981,Nessie,Tointon,ntointonr8@cmu.edu,Female,176.50.98.61
982,Janet,Portinari,jportinarir9@trellian.com,Female,196.96.12.135
983,Sly,Lacaze,slacazera@odnoklassniki.ru,Bigender,209.75.26.254
984,Garth,Darkins,gdarkinsrb@stumbleupon.com,Bigender,102.76.196.191
985,Ricca,Foux,rfouxrc@github.io,Female,170.170.17.128
986,Sarine,Rousell,srousellrd@symantec.com,Female,241.114.14.153
987,Helen,Klassmann,hklassmannre@aboutads.info,Non-binary,57.229.108.115
988,Jacklin,Minchella,jminchellarf@hibu.com,Female,232.74.82.193
989,Lisha,Southway,lsouthwayrg@google.cn,Female,224.205.18.150
990,Alyda,Sliney,aslineyrh@msn.com,Female,19.128.182.164
991,Ryan,Lowbridge,rlowbridgeri@plala.or.jp,Male,171.126.128.222
992,Kerrin,Matysiak,kmatysiakrj@samsung.com,Female,226.170.60.253
993,Kilian,Skeen,kskeenrk@mozilla.org,Male,161.174.184.17
994,Bradly,Carleton,bcarletonrl@mayoclinic.com,Male,177.36.131.50
995,Storm,Cattonnet,scattonnetrm@theatlantic.com,Female,253.29.186.226
996,Mord,Fitzsymons,mfitzsymonsrn@nbcnews.com,Male,126.11.252.237
997,Gifford,Crich,gcrichro@va.gov,Male,18.91.18.82
998,Fabian,Mordey,fmordeyrp@cpanel.net,Male,55.217.92.253
999,Whitby,Aldrick,waldrickrq@dagondesign.com,Male,119.198.140.239
1000,Flin,Elphick,felphickrr@stumbleupon.com,Male,70.133.245.91
